<application>
  <component name="BaseRefactoringSettings">
    <option name="SAFE_DELETE_WHEN_DELETE" value="false" />
    <option name="RENAME_SEARCH_IN_COMMENTS_FOR_FILE" value="false" />
    <option name="RENAME_SEARCH_FOR_REFERENCES_FOR_FILE" value="false" />
    <option name="RENAME_SEARCH_FOR_REFERENCES_FOR_DIRECTORY" value="false" />
  </component>
  <component name="RefactoringSettings">
    <option name="renameParameterInHierarchy" value="false" />
    <option name="RENAME_SEARCH_IN_COMMENTS_FOR_VARIABLE" value="false" />
    <option name="RENAME_INHERITORS" value="false" />
    <option name="RENAME_PARAMETER_IN_HIERARCHY" value="false" />
    <option name="RENAME_VARIABLES" value="false" />
    <option name="RENAME_TESTS" value="false" />
  </component>
</application>