<application>
  <component name="ProjectManager">
    <defaultProject>
      <component name="DefaultGradleProjectSettings">
        <option name="isMigrated" value="true" />
      </component>
      <component name="GradleLocalSettings">
        <option name="projectSyncType">
          <map>
            <entry key="$USER_HOME$/IdeaProjects/accounts-api" value="PREVIEW" />
            <entry key="$USER_HOME$/IdeaProjects/baltic_core_ibank" value="PREVIEW" />
            <entry key="$USER_HOME$/IdeaProjects/bank-components" value="PREVIEW" />
            <entry key="$USER_HOME$/IdeaProjects/bsi" value="PREVIEW" />
            <entry key="$USER_HOME$/IdeaProjects/ibank" value="PREVIEW" />
            <entry key="$USER_HOME$/IdeaProjects/ibank2" value="PREVIEW" />
            <entry key="$USER_HOME$/IdeaProjects/ibank3/ibank" value="PREVIEW" />
            <entry key="$USER_HOME$/IdeaProjects/portal" value="PREVIEW" />
            <entry key="$USER_HOME$/IdeaProjects/star" value="PREVIEW" />
            <entry key="$USER_HOME$/IdeaProjects/star-lightjava-portlets" value="PREVIEW" />
            <entry key="$USER_HOME$/IdeaProjects/star-products" value="PREVIEW" />
            <entry key="$USER_HOME$/IdeaProjects/statement-generator" value="PREVIEW" />
            <entry key="$USER_HOME$/IdeaProjects/sti-data-exchange" value="PREVIEW" />
            <entry key="$USER_HOME$/IdeaProjects/teller" value="PREVIEW" />
            <entry key="$USER_HOME$/IdeaProjects/test-data-creator" value="PREVIEW" />
          </map>
        </option>
      </component>
      <component name="PropertiesComponent">
        <property name="nodejs_interpreter_path.stuck_in_default_project" value="undefined stuck path" />
        <property name="nodejs_npm_path_reset_for_default_project" value="true" />
      </component>
    </defaultProject>
  </component>
</application>